<?xml version="1.0" encoding="UTF-8"?>
<metadata xml:lang="en"><Esri><CreaDate>20170929</CreaDate><CreaTime>22003000</CreaTime><ArcGISFormat>1.0</ArcGISFormat><SyncOnce>TRUE</SyncOnce><DataProperties><lineage><Process ToolSource="c:\program files (x86)\arcgis\desktop10.4\ArcToolbox\Toolboxes\Data Management Tools.tbx\AlterField" Date="20170929" Time="212950">AlterField Corn_Yield_Master_06_join spei_gs_1980 spei_1980 # DOUBLE 8 NULLABLE false</Process><Process ToolSource="c:\program files (x86)\arcgis\desktop10.4\ArcToolbox\Toolboxes\Data Management Tools.tbx\AlterField" Date="20170929" Time="213035">AlterField Corn_Yield_Master_06_join spei_gs_1981 spei_1981 # DOUBLE 8 NULLABLE false</Process><Process ToolSource="c:\program files (x86)\arcgis\desktop10.4\ArcToolbox\Toolboxes\Data Management Tools.tbx\AlterField" Date="20170929" Time="213044">AlterField Corn_Yield_Master_06_join spei_gs_1982 spei_1982 # DOUBLE 8 NULLABLE false</Process><Process ToolSource="c:\program files (x86)\arcgis\desktop10.4\ArcToolbox\Toolboxes\Data Management Tools.tbx\AlterField" Date="20170929" Time="213055">AlterField Corn_Yield_Master_06_join spei_gs_1983 spei_1983 # DOUBLE 8 NULLABLE false</Process><Process ToolSource="c:\program files (x86)\arcgis\desktop10.4\ArcToolbox\Toolboxes\Data Management Tools.tbx\AlterField" Date="20170929" Time="213106">AlterField Corn_Yield_Master_06_join spei_gs_1984 spei_1984 # DOUBLE 8 NULLABLE false</Process><Process ToolSource="c:\program files (x86)\arcgis\desktop10.4\ArcToolbox\Toolboxes\Data Management Tools.tbx\AlterField" Date="20170929" Time="213121">AlterField Corn_Yield_Master_06_join spei_gs_1985 spei_1985 # DOUBLE 8 NULLABLE false</Process><Process ToolSource="c:\program files (x86)\arcgis\desktop10.4\ArcToolbox\Toolboxes\Data Management Tools.tbx\AlterField" Date="20170929" Time="213134">AlterField Corn_Yield_Master_06_join spei_gs_1986 spei_1986 # DOUBLE 8 NULLABLE false</Process><Process ToolSource="c:\program files (x86)\arcgis\desktop10.4\ArcToolbox\Toolboxes\Data Management Tools.tbx\AlterField" Date="20170929" Time="213145">AlterField Corn_Yield_Master_06_join spei_gs_1987 spei_1987 # DOUBLE 8 NULLABLE false</Process><Process ToolSource="c:\program files (x86)\arcgis\desktop10.4\ArcToolbox\Toolboxes\Data Management Tools.tbx\AlterField" Date="20170929" Time="213157">AlterField Corn_Yield_Master_06_join spei_gs_1988 spei_1988 # DOUBLE 8 NULLABLE false</Process><Process ToolSource="c:\program files (x86)\arcgis\desktop10.4\ArcToolbox\Toolboxes\Data Management Tools.tbx\AlterField" Date="20170929" Time="213209">AlterField Corn_Yield_Master_06_join spei_gs_1989 spei_1989 # DOUBLE 8 NULLABLE false</Process><Process ToolSource="c:\program files (x86)\arcgis\desktop10.4\ArcToolbox\Toolboxes\Data Management Tools.tbx\AlterField" Date="20170929" Time="213225">AlterField Corn_Yield_Master_06_join spei_gs_1990 spei_1990 # DOUBLE 8 NULLABLE false</Process><Process ToolSource="c:\program files (x86)\arcgis\desktop10.4\ArcToolbox\Toolboxes\Data Management Tools.tbx\AlterField" Date="20170929" Time="213235">AlterField Corn_Yield_Master_06_join spei_gs_1991 spei_1991 # DOUBLE 8 NULLABLE false</Process><Process ToolSource="c:\program files (x86)\arcgis\desktop10.4\ArcToolbox\Toolboxes\Data Management Tools.tbx\AlterField" Date="20170929" Time="213256">AlterField Corn_Yield_Master_06_join spei_gs_1992 spei_1992 # DOUBLE 8 NULLABLE false</Process><Process ToolSource="c:\program files (x86)\arcgis\desktop10.4\ArcToolbox\Toolboxes\Data Management Tools.tbx\AlterField" Date="20170929" Time="213307">AlterField Corn_Yield_Master_06_join spei_gs_1993 spei_1993 # DOUBLE 8 NULLABLE false</Process><Process ToolSource="c:\program files (x86)\arcgis\desktop10.4\ArcToolbox\Toolboxes\Data Management Tools.tbx\AlterField" Date="20170929" Time="213316">AlterField Corn_Yield_Master_06_join spei_gs_1994 spei_1994 # DOUBLE 8 NULLABLE false</Process><Process ToolSource="c:\program files (x86)\arcgis\desktop10.4\ArcToolbox\Toolboxes\Data Management Tools.tbx\AlterField" Date="20170929" Time="213327">AlterField Corn_Yield_Master_06_join spei_gs_1995 spei_1995 # DOUBLE 8 NULLABLE false</Process><Process ToolSource="c:\program files (x86)\arcgis\desktop10.4\ArcToolbox\Toolboxes\Data Management Tools.tbx\AlterField" Date="20170929" Time="213338">AlterField Corn_Yield_Master_06_join spei_gs_1996 spei_1996 # DOUBLE 8 NULLABLE false</Process><Process ToolSource="c:\program files (x86)\arcgis\desktop10.4\ArcToolbox\Toolboxes\Data Management Tools.tbx\AlterField" Date="20170929" Time="213349">AlterField Corn_Yield_Master_06_join spei_gs_1997 spei_1997 # DOUBLE 8 NULLABLE false</Process><Process ToolSource="c:\program files (x86)\arcgis\desktop10.4\ArcToolbox\Toolboxes\Data Management Tools.tbx\AlterField" Date="20170929" Time="213400">AlterField Corn_Yield_Master_06_join spei_gs_1998 spei_1998 # DOUBLE 8 NULLABLE false</Process><Process ToolSource="c:\program files (x86)\arcgis\desktop10.4\ArcToolbox\Toolboxes\Data Management Tools.tbx\AlterField" Date="20170929" Time="213412">AlterField Corn_Yield_Master_06_join spei_gs_1999 spei_1999 # DOUBLE 8 NULLABLE false</Process><Process ToolSource="c:\program files (x86)\arcgis\desktop10.4\ArcToolbox\Toolboxes\Data Management Tools.tbx\AlterField" Date="20170929" Time="213428">AlterField Corn_Yield_Master_06_join spei_gs_2000 spei_2000 # DOUBLE 8 NULLABLE false</Process><Process ToolSource="c:\program files (x86)\arcgis\desktop10.4\ArcToolbox\Toolboxes\Data Management Tools.tbx\AlterField" Date="20170929" Time="213438">AlterField Corn_Yield_Master_06_join spei_gs_2001 spei_2001 # DOUBLE 8 NULLABLE false</Process><Process ToolSource="c:\program files (x86)\arcgis\desktop10.4\ArcToolbox\Toolboxes\Data Management Tools.tbx\AlterField" Date="20170929" Time="213446">AlterField Corn_Yield_Master_06_join spei_gs_2002 spei_2002 # DOUBLE 8 NULLABLE false</Process><Process ToolSource="c:\program files (x86)\arcgis\desktop10.4\ArcToolbox\Toolboxes\Data Management Tools.tbx\AlterField" Date="20170929" Time="213456">AlterField Corn_Yield_Master_06_join spei_gs_2003 spei_2003 # DOUBLE 8 NULLABLE false</Process><Process ToolSource="c:\program files (x86)\arcgis\desktop10.4\ArcToolbox\Toolboxes\Data Management Tools.tbx\AlterField" Date="20170929" Time="213506">AlterField Corn_Yield_Master_06_join spei_gs_2004 spei_2004 # DOUBLE 8 NULLABLE false</Process><Process ToolSource="c:\program files (x86)\arcgis\desktop10.4\ArcToolbox\Toolboxes\Data Management Tools.tbx\AlterField" Date="20170929" Time="213516">AlterField Corn_Yield_Master_06_join spei_gs_2005 spei_2005 # DOUBLE 8 NULLABLE false</Process><Process ToolSource="c:\program files (x86)\arcgis\desktop10.4\ArcToolbox\Toolboxes\Data Management Tools.tbx\AlterField" Date="20170929" Time="213526">AlterField Corn_Yield_Master_06_join spei_gs_2006 spei_2006 # DOUBLE 8 NULLABLE false</Process><Process ToolSource="c:\program files (x86)\arcgis\desktop10.4\ArcToolbox\Toolboxes\Data Management Tools.tbx\AlterField" Date="20170929" Time="213543">AlterField Corn_Yield_Master_06_join spei_gs_2007 spei_2007 # DOUBLE 8 NULLABLE false</Process><Process ToolSource="c:\program files (x86)\arcgis\desktop10.4\ArcToolbox\Toolboxes\Data Management Tools.tbx\AlterField" Date="20170929" Time="213555">AlterField Corn_Yield_Master_06_join spei_gs_2008 spei_2008 # DOUBLE 8 NULLABLE false</Process><Process ToolSource="c:\program files (x86)\arcgis\desktop10.4\ArcToolbox\Toolboxes\Data Management Tools.tbx\AlterField" Date="20170929" Time="213613">AlterField Corn_Yield_Master_06_join spei_gs_2009 spei_2009 # DOUBLE 8 NULLABLE false</Process><Process ToolSource="c:\program files (x86)\arcgis\desktop10.4\ArcToolbox\Toolboxes\Data Management Tools.tbx\AlterField" Date="20170929" Time="213625">AlterField Corn_Yield_Master_06_join spei_gs_2010 spei_2010 # DOUBLE 8 NULLABLE false</Process><Process ToolSource="c:\program files (x86)\arcgis\desktop10.4\ArcToolbox\Toolboxes\Data Management Tools.tbx\AlterField" Date="20170929" Time="213636">AlterField Corn_Yield_Master_06_join spei_gs_2011 spei_2011 # DOUBLE 8 NULLABLE false</Process><Process ToolSource="c:\program files (x86)\arcgis\desktop10.4\ArcToolbox\Toolboxes\Data Management Tools.tbx\AlterField" Date="20170929" Time="213646">AlterField Corn_Yield_Master_06_join spei_gs_2012 spei_2012 # DOUBLE 8 NULLABLE false</Process><Process ToolSource="c:\program files (x86)\arcgis\desktop10.4\ArcToolbox\Toolboxes\Data Management Tools.tbx\AlterField" Date="20170929" Time="213657">AlterField Corn_Yield_Master_06_join spei_gs_2013 spei_2013 # DOUBLE 8 NULLABLE false</Process><Process ToolSource="c:\program files (x86)\arcgis\desktop10.4\ArcToolbox\Toolboxes\Data Management Tools.tbx\AlterField" Date="20170929" Time="213709">AlterField Corn_Yield_Master_06_join spei_gs_2014 spei_2014 # DOUBLE 8 NULLABLE false</Process></lineage></DataProperties></Esri></metadata>
